{"cameraMode":{"drawMode":0,"name":"Shaded","section":"Shading Mode"},"sceneLighting":true,"audioPlay":false,"sceneViewState":{"showFog":true,"showMaterialUpdate":false,"showSkybox":true,"showFlares":true,"showImageEffects":true,"showParticleSystems":true},"in2DMode":false,"pivot":{"x":25.701120376586915,"y":79.32273864746094,"z":19.760419845581056},"rotation":{"x":0.7049809098243713,"y":-0.0021277153864502908,"z":0.0021147557999938728,"w":0.7092199325561523},"size":18.1619815826416,"orthographic":false}